asia-east1-b,client-europe-west3-c,255.327,77.2_Mbits/sec
asia-east1-b,client-europe-west4-a,251.158,79.7_Mbits/sec
asia-east1-b,client-europe-west6-a,261.809,75.4_Mbits/sec
asia-east1-b,client-asia-east1-b,1.086,956_Mbits/sec
asia-east1-b,client-asia-east2-a,13.68,921_Mbits/sec
asia-east1-b,client-asia-northeast1-b,33.817,688_Mbits/sec
asia-east1-b,client-asia-northeast2-a,36.146,609_Mbits/sec
asia-east1-b,client-asia-northeast3-a,37.295,623_Mbits/sec
asia-east1-b,client-northamerica-northeast1-a,179.015,118_Mbits/sec
asia-east1-b,client-northamerica-northeast2-a,172.754,116_Mbits/sec
asia-east1-b,client-southamerica-east1-b,279.007,68.4_Mbits/sec
asia-east1-b,client-southamerica-west1-b,232.184,86.6_Mbits/sec
asia-east1-b,client-us-central1-c,154.559,138_Mbits/sec
asia-east1-b,client-us-east1-b,187.641,114_Mbits/sec
asia-east1-b,client-us-east4-c,174.283,123_Mbits/sec
asia-east1-b,client-us-west1-b,117.075,187_Mbits/sec
asia-east1-b,client-asia-south1-c,104.166,209_Mbits/sec
asia-east1-b,client-asia-south2-a,109.608,211_Mbits/sec
asia-east1-b,client-asia-southeast1-b,43.548,572_Mbits/sec
asia-east1-b,client-asia-southeast2-a,59.06,382_Mbits/sec
asia-east1-b,client-australia-southeast1-b,138.058,166_Mbits/sec
asia-east1-b,client-australia-southeast2-a,131.058,170_Mbits/sec
asia-east1-b,client-us-west2-a,127.584,175_Mbits/sec
asia-east1-b,client-us-west3-a,140.56,158_Mbits/sec
asia-east1-b,client-us-west4-a,134.253,166_Mbits/sec
asia-east1-b,client-europe-central2-a,563.408,71.9_Mbits/sec
asia-east1-b,client-europe-north1-a,274.586,71.3_Mbits/sec
asia-east1-b,client-europe-west1-b,248.882,79.7_Mbits/sec
asia-east1-b,client-europe-west2-c,245.948,82.4_Mbits/sec
asia-east2-a,client-europe-west3-c,268.029,73.4_Mbits/sec
asia-east2-a,client-europe-west4-a,265.003,74.3_Mbits/sec
asia-east2-a,client-europe-west6-a,272.867,72.0_Mbits/sec
asia-east2-a,client-asia-east1-b,13.424,963_Mbits/sec
asia-east2-a,client-asia-east2-a,1.034,930_Mbits/sec
asia-east2-a,client-asia-northeast1-b,46.203,505_Mbits/sec
asia-east2-a,client-asia-northeast2-a,43.663,487_Mbits/sec
asia-east2-a,client-asia-northeast3-a,36.869,653_Mbits/sec
asia-east2-a,client-us-west2-a,139.388,159_Mbits/sec
asia-east2-a,client-us-west3-a,152.16,143_Mbits/sec
asia-east2-a,client-us-west4-a,145.795,150_Mbits/sec
asia-east2-a,client-europe-central2-a,281.801,68.7_Mbits/sec
asia-east2-a,client-europe-north1-a,370.074,66.4_Mbits/sec
asia-east2-a,client-europe-west1-b,261.725,74.8_Mbits/sec
asia-east2-a,client-europe-west2-c,256.18,64.5_Mbits/sec
asia-east2-a,client-asia-south1-c,90.629,264_Mbits/sec
asia-east2-a,client-asia-south2-a,107.7,212_Mbits/sec
asia-east2-a,client-asia-southeast1-b,36.769,640_Mbits/sec
asia-east2-a,client-asia-southeast2-a,49.477,477_Mbits/sec
asia-east2-a,client-australia-southeast1-b,129.095,170_Mbits/sec
asia-east2-a,client-australia-southeast2-a,117.344,181_Mbits/sec
asia-east2-a,client-northamerica-northeast1-a,192.36,109_Mbits/sec
asia-east2-a,client-northamerica-northeast2-a,185.514,114_Mbits/sec
asia-east2-a,client-southamerica-east1-b,292.382,65.2_Mbits/sec
asia-east2-a,client-southamerica-west1-b,244.181,82.6_Mbits/sec
asia-east2-a,client-us-central1-c,169.511,40.2_Mbits/sec
asia-east2-a,client-us-east1-b,194.496,108_Mbits/sec
asia-east2-a,client-us-east4-c,187.876,13.5_Mbits/sec
asia-east2-a,client-us-west1-b,131.298,165_Mbits/sec
asia-northeast1-b,client-northamerica-northeast1-a,148.926,144_Mbits/sec
asia-northeast1-b,client-northamerica-northeast2-a,147.325,148_Mbits/sec
asia-northeast1-b,client-southamerica-east1-b,254.643,77.1_Mbits/sec
asia-northeast1-b,client-southamerica-west1-b,205.44,101_Mbits/sec
asia-northeast1-b,client-us-central1-c,128.177,171_Mbits/sec
asia-northeast1-b,client-us-east1-b,154.511,143_Mbits/sec
asia-northeast1-b,client-us-east4-c,148.383,150_Mbits/sec
asia-northeast1-b,client-us-west1-b,91.949,250_Mbits/sec
asia-northeast1-b,client-us-west2-a,100.709,225_Mbits/sec
asia-northeast1-b,client-us-west3-a,112.26,198_Mbits/sec
asia-northeast1-b,client-us-west4-a,106.999,215_Mbits/sec
asia-northeast1-b,client-europe-central2-a,242.556,82.8_Mbits/sec
asia-northeast1-b,client-europe-north1-a,246.411,81.5_Mbits/sec
asia-northeast1-b,client-europe-west1-b,222.502,91.4_Mbits/sec
asia-northeast1-b,client-europe-west2-c,215.953,93.6_Mbits/sec
asia-northeast1-b,client-asia-south1-c,130.023,164_Mbits/sec
asia-northeast1-b,client-asia-south2-a,139.304,143_Mbits/sec
asia-northeast1-b,client-asia-southeast1-b,84.946,287_Mbits/sec
asia-northeast1-b,client-asia-southeast2-a,80.97,263_Mbits/sec
asia-northeast1-b,client-australia-southeast1-b,120.653,184_Mbits/sec
asia-northeast1-b,client-australia-southeast2-a,133.288,166_Mbits/sec
asia-northeast1-b,client-europe-west3-c,227.778,89.6_Mbits/sec
asia-northeast1-b,client-europe-west4-a,224.243,89.0_Mbits/sec
asia-northeast1-b,client-europe-west6-a,231.851,84.9_Mbits/sec
asia-northeast1-b,client-asia-east1-b,33.894,718_Mbits/sec
asia-northeast1-b,client-asia-east2-a,45.935,516_Mbits/sec
asia-northeast1-b,client-asia-northeast1-b,0.802,967_Mbits/sec
asia-northeast1-b,client-asia-northeast2-a,9.919,933_Mbits/sec
asia-northeast1-b,client-asia-northeast3-a,31.692,722_Mbits/sec
asia-northeast2-a,client-northamerica-northeast1-a,158.815,135_Mbits/sec
asia-northeast2-a,client-northamerica-northeast2-a,152.743,140_Mbits/sec
asia-northeast2-a,client-southamerica-east1-b,259.469,76.0_Mbits/sec
asia-northeast2-a,client-southamerica-west1-b,212.714,66.4_Mbits/sec
asia-northeast2-a,client-us-central1-c,137.279,160_Mbits/sec
asia-northeast2-a,client-us-east1-b,162.731,133_Mbits/sec
asia-northeast2-a,client-us-east4-c,156.671,138_Mbits/sec
asia-northeast2-a,client-us-west1-b,100.379,229_Mbits/sec
asia-northeast2-a,client-asia-south1-c,130.072,167_Mbits/sec
asia-northeast2-a,client-asia-south2-a,147.02,150_Mbits/sec
asia-northeast2-a,client-asia-southeast1-b,77.722,287_Mbits/sec
asia-northeast2-a,client-asia-southeast2-a,93.324,241_Mbits/sec
asia-northeast2-a,client-australia-southeast1-b,128.557,173_Mbits/sec
asia-northeast2-a,client-australia-southeast2-a,141.378,157_Mbits/sec
asia-northeast2-a,client-europe-west3-c,235.713,86.7_Mbits/sec
asia-northeast2-a,client-europe-west4-a,232.398,87.0_Mbits/sec
asia-northeast2-a,client-europe-west6-a,241.107,84.2_Mbits/sec
asia-northeast2-a,client-asia-east1-b,35.584,604_Mbits/sec
asia-northeast2-a,client-asia-east2-a,48.641,455_Mbits/sec
asia-northeast2-a,client-asia-northeast1-b,10.44,966_Mbits/sec
asia-northeast2-a,client-asia-northeast2-a,1.043,925_Mbits/sec
asia-northeast2-a,client-asia-northeast3-a,34.757,673_Mbits/sec
asia-northeast2-a,client-us-west2-a,106.906,211_Mbits/sec
asia-northeast2-a,client-us-west3-a,120.308,187_Mbits/sec
asia-northeast2-a,client-us-west4-a,112.726,201_Mbits/sec
asia-northeast2-a,client-europe-central2-a,249.753,78.5_Mbits/sec
asia-northeast2-a,client-europe-north1-a,256.854,77.3_Mbits/sec
asia-northeast2-a,client-europe-west1-b,229.195,89.1_Mbits/sec
asia-northeast2-a,client-europe-west2-c,227.044,90.5_Mbits/sec
asia-northeast3-a,client-asia-south1-c,121.037,184_Mbits/sec
asia-northeast3-a,client-asia-south2-a,142.878,155_Mbits/sec
asia-northeast3-a,client-asia-southeast1-b,71.989,330_Mbits/sec
asia-northeast3-a,client-asia-southeast2-a,87.466,280_Mbits/sec
asia-northeast3-a,client-australia-southeast1-b,148.026,147_Mbits/sec
asia-northeast3-a,client-australia-southeast2-a,160.836,135_Mbits/sec
asia-northeast3-a,client-us-west2-a,126.686,174_Mbits/sec
asia-northeast3-a,client-us-west3-a,138.636,160_Mbits/sec
asia-northeast3-a,client-us-west4-a,131.077,167_Mbits/sec
asia-northeast3-a,client-europe-central2-a,266.678,72.4_Mbits/sec
asia-northeast3-a,client-europe-north1-a,277.137,70.9_Mbits/sec
asia-northeast3-a,client-europe-west1-b,245.831,79.0_Mbits/sec
asia-northeast3-a,client-europe-west2-c,243.882,82.6_Mbits/sec
asia-northeast3-a,client-northamerica-northeast1-a,177.852,118_Mbits/sec
asia-northeast3-a,client-northamerica-northeast2-a,173.549,126_Mbits/sec
asia-northeast3-a,client-southamerica-east1-b,277.538,69.9_Mbits/sec
asia-northeast3-a,client-southamerica-west1-b,231.41,87.0_Mbits/sec
asia-northeast3-a,client-us-central1-c,154.842,142_Mbits/sec
asia-northeast3-a,client-us-east1-b,180.954,117_Mbits/sec
asia-northeast3-a,client-us-east4-c,173.828,123_Mbits/sec
asia-northeast3-a,client-us-west1-b,116.3,189_Mbits/sec
asia-northeast3-a,client-europe-west3-c,256.415,79.7_Mbits/sec
asia-northeast3-a,client-europe-west4-a,250.441,78.5_Mbits/sec
asia-northeast3-a,client-europe-west6-a,260.022,75.4_Mbits/sec
asia-northeast3-a,client-asia-east1-b,36.365,648_Mbits/sec
asia-northeast3-a,client-asia-east2-a,36.257,626_Mbits/sec
asia-northeast3-a,client-asia-northeast1-b,32.073,740_Mbits/sec
asia-northeast3-a,client-asia-northeast2-a,32.626,748_Mbits/sec
asia-northeast3-a,client-asia-northeast3-a,0.773,974_Mbits/sec
asia-south1-c,client-asia-south1-c,0.826,889_Mbits/sec
asia-south1-c,client-asia-south2-a,22.503,911_Mbits/sec
asia-south1-c,client-asia-southeast1-b,61.125,384_Mbits/sec
asia-south1-c,client-asia-southeast2-a,74.074,307_Mbits/sec
asia-south1-c,client-australia-southeast1-b,153.021,142_Mbits/sec
asia-south1-c,client-australia-southeast2-a,144.462,151_Mbits/sec
asia-south1-c,client-northamerica-northeast1-a,275.969,70.6_Mbits/sec
asia-south1-c,client-northamerica-northeast2-a,286.307,72.8_Mbits/sec
asia-south1-c,client-southamerica-east1-b,375.79,47.3_Mbits/sec
asia-south1-c,client-southamerica-west1-b,327.609,57.3_Mbits/sec
asia-south1-c,client-us-central1-c,263.555,74.4_Mbits/sec
asia-south1-c,client-us-east1-b,292.316,65.1_Mbits/sec
asia-south1-c,client-us-east4-c,271.73,57.1_Mbits/sec
asia-south1-c,client-us-west1-b,228.118,89.4_Mbits/sec
asia-south1-c,client-europe-west3-c,351.948,51.9_Mbits/sec
asia-south1-c,client-europe-west4-a,354.284,52.4_Mbits/sec
asia-south1-c,client-europe-west6-a,360.258,49.2_Mbits/sec
asia-south1-c,client-asia-east1-b,109.05,215_Mbits/sec
asia-south1-c,client-asia-east2-a,86.855,264_Mbits/sec
asia-south1-c,client-asia-northeast1-b,129.884,169_Mbits/sec
asia-south1-c,client-asia-northeast2-a,131.632,163_Mbits/sec
asia-south1-c,client-asia-northeast3-a,120.505,177_Mbits/sec
asia-south1-c,client-us-west2-a,223.637,92.1_Mbits/sec
asia-south1-c,client-us-west3-a,241.319,86.2_Mbits/sec
asia-south1-c,client-us-west4-a,234.654,89.2_Mbits/sec
asia-south1-c,client-europe-central2-a,366.623,48.6_Mbits/sec
asia-south1-c,client-europe-north1-a,372.145,46.6_Mbits/sec
asia-south1-c,client-europe-west1-b,351.153,52.4_Mbits/sec
asia-south1-c,client-europe-west2-c,340.053,5.08_Mbits/sec
asia-south2-a,client-us-west2-a,245.955,84.8_Mbits/sec
asia-south2-a,client-us-west3-a,261.622,21.0_Mbits/sec
asia-south2-a,client-us-west4-a,250.779,82.9_Mbits/sec
asia-south2-a,client-europe-central2-a,372.713,47.4_Mbits/sec
asia-south2-a,client-europe-north1-a,393.882,44.8_Mbits/sec
asia-south2-a,client-europe-west1-b,371.198,46.9_Mbits/sec
asia-south2-a,client-europe-west2-c,368.308,47.6_Mbits/sec
asia-south2-a,client-europe-west3-c,373.838,48.3_Mbits/sec
asia-south2-a,client-europe-west4-a,362.754,46.2_Mbits/sec
asia-south2-a,client-europe-west6-a,377.175,48.0_Mbits/sec
asia-south2-a,client-asia-east1-b,121.208,182_Mbits/sec
asia-south2-a,client-asia-east2-a,107.108,208_Mbits/sec
asia-south2-a,client-asia-northeast1-b,153.502,150_Mbits/sec
asia-south2-a,client-asia-northeast2-a,152.831,147_Mbits/sec
asia-south2-a,client-asia-northeast3-a,144.559,154_Mbits/sec
asia-south2-a,client-asia-south1-c,23.991,952_Mbits/sec
asia-south2-a,client-asia-south2-a,1.316,930_Mbits/sec
asia-south2-a,client-asia-southeast1-b,67.762,323_Mbits/sec
asia-south2-a,client-asia-southeast2-a,81.421,275_Mbits/sec
asia-south2-a,client-australia-southeast1-b,158.935,137_Mbits/sec
asia-south2-a,client-australia-southeast2-a,153.65,145_Mbits/sec
asia-south2-a,client-northamerica-northeast1-a,279.005,64.5_Mbits/sec
asia-south2-a,client-northamerica-northeast2-a,278.778,69.5_Mbits/sec
asia-south2-a,client-southamerica-east1-b,380.534,44.6_Mbits/sec
asia-south2-a,client-southamerica-west1-b,347.28,54.0_Mbits/sec
asia-south2-a,client-us-central1-c,271.928,71.4_Mbits/sec
asia-south2-a,client-us-east1-b,297.675,64.4_Mbits/sec
asia-south2-a,client-us-east4-c,276.542,60.3_Mbits/sec
asia-south2-a,client-us-west1-b,231.568,86.1_Mbits/sec
asia-southeast1-b,client-asia-south1-c,62.262,382_Mbits/sec
asia-southeast1-b,client-asia-south2-a,71.262,336_Mbits/sec
asia-southeast1-b,client-asia-southeast1-b,1.036,931_Mbits/sec
asia-southeast1-b,client-asia-southeast2-a,18.32,931_Mbits/sec
asia-southeast1-b,client-australia-southeast1-b,95.567,248_Mbits/sec
asia-southeast1-b,client-australia-southeast2-a,82.8,268_Mbits/sec
asia-southeast1-b,client-northamerica-northeast1-a,229.669,87.1_Mbits/sec
asia-southeast1-b,client-northamerica-northeast2-a,213.174,91.3_Mbits/sec
asia-southeast1-b,client-southamerica-east1-b,325.491,57.7_Mbits/sec
asia-southeast1-b,client-southamerica-west1-b,279.438,68.8_Mbits/sec
asia-southeast1-b,client-us-central1-c,198.69,97.4_Mbits/sec
asia-southeast1-b,client-us-east1-b,231.745,86.5_Mbits/sec
asia-southeast1-b,client-us-east4-c,220.285,94.4_Mbits/sec
asia-southeast1-b,client-us-west1-b,166.54,92.8_Mbits/sec
asia-southeast1-b,client-us-west2-a,176.293,
asia-southeast1-b,client-us-west3-a,182.919,
asia-southeast1-b,client-us-west4-a,181.137,
asia-southeast1-b,client-europe-central2-a,320.783,
asia-southeast1-b,client-europe-north1-a,323.421,
asia-southeast1-b,client-europe-west1-b,295.333,
asia-southeast1-b,client-europe-west2-c,290.312,
asia-southeast1-b,client-europe-west3-c,304.713,64.2_Mbits/sec
asia-southeast1-b,client-europe-west4-a,296.666,62.6_Mbits/sec
asia-southeast1-b,client-europe-west6-a,307.656,60.3_Mbits/sec
asia-southeast1-b,client-asia-east1-b,46.895,462_Mbits/sec
asia-southeast1-b,client-asia-east2-a,36.525,650_Mbits/sec
asia-southeast1-b,client-asia-northeast1-b,73.489,310_Mbits/sec
asia-southeast1-b,client-asia-northeast2-a,81.194,285_Mbits/sec
asia-southeast1-b,client-asia-northeast3-a,70.649,303_Mbits/sec
asia-southeast2-a,client-northamerica-northeast1-a,228.747,89.5_Mbits/sec
asia-southeast2-a,client-northamerica-northeast2-a,231.201,89.3_Mbits/sec
asia-southeast2-a,client-southamerica-east1-b,330.715,54.9_Mbits/sec
asia-southeast2-a,client-southamerica-west1-b,287.815,66.6_Mbits/sec
asia-southeast2-a,client-us-central1-c,215.303,96.5_Mbits/sec
asia-southeast2-a,client-us-east1-b,243.117,81.9_Mbits/sec
asia-southeast2-a,client-us-east4-c,231.885,89.1_Mbits/sec
asia-southeast2-a,client-us-west1-b,172.642,14.0_Mbits/sec
asia-southeast2-a,client-asia-south1-c,73.282,314_Mbits/sec
asia-southeast2-a,client-asia-south2-a,82.171,274_Mbits/sec
asia-southeast2-a,client-asia-southeast1-b,14.249,962_Mbits/sec
asia-southeast2-a,client-asia-southeast2-a,0.841,959_Mbits/sec
asia-southeast2-a,client-australia-southeast1-b,108.363,213_Mbits/sec
asia-southeast2-a,client-australia-southeast2-a,96.837,220_Mbits/sec
asia-southeast2-a,client-us-west2-a,182.018,116_Mbits/sec
asia-southeast2-a,client-us-west3-a,191.194,109_Mbits/sec
asia-southeast2-a,client-us-west4-a,187.63,113_Mbits/sec
asia-southeast2-a,client-europe-central2-a,318.112,58.5_Mbits/sec
asia-southeast2-a,client-europe-north1-a,337.192,55.0_Mbits/sec
asia-southeast2-a,client-europe-west1-b,302.445,62.0_Mbits/sec
asia-southeast2-a,client-europe-west2-c,296.666,64.6_Mbits/sec
asia-southeast2-a,client-europe-west3-c,308.35,61.4_Mbits/sec
asia-southeast2-a,client-europe-west4-a,313.127,60.8_Mbits/sec
asia-southeast2-a,client-europe-west6-a,309.345,61.2_Mbits/sec
asia-southeast2-a,client-asia-east1-b,57.771,433_Mbits/sec
asia-southeast2-a,client-asia-east2-a,50.721,478_Mbits/sec
asia-southeast2-a,client-asia-northeast1-b,89.745,254_Mbits/sec
asia-southeast2-a,client-asia-northeast2-a,93.701,244_Mbits/sec
asia-southeast2-a,client-asia-northeast3-a,83.747,277_Mbits/sec
australia-southeast1-b,client-asia-south1-c,153.001,143_Mbits/sec
australia-southeast1-b,client-asia-south2-a,158.908,138_Mbits/sec
australia-southeast1-b,client-asia-southeast1-b,93.361,244_Mbits/sec
australia-southeast1-b,client-asia-southeast2-a,108.277,209_Mbits/sec
australia-southeast1-b,client-australia-southeast1-b,1.089,961_Mbits/sec
australia-southeast1-b,client-australia-southeast2-a,14.466,954_Mbits/sec
australia-southeast1-b,client-northamerica-northeast1-a,197.143,107_Mbits/sec
australia-southeast1-b,client-northamerica-northeast2-a,191.264,111_Mbits/sec
australia-southeast1-b,client-southamerica-east1-b,290.112,65.9_Mbits/sec
australia-southeast1-b,client-southamerica-west1-b,243.196,82.6_Mbits/sec
australia-southeast1-b,client-us-central1-c,174.946,122_Mbits/sec
australia-southeast1-b,client-us-east1-b,198.17,105_Mbits/sec
australia-southeast1-b,client-us-east4-c,193.044,108_Mbits/sec
australia-southeast1-b,client-us-west1-b,137.204,161_Mbits/sec
australia-southeast1-b,client-europe-west3-c,273.68,71.9_Mbits/sec
australia-southeast1-b,client-europe-west4-a,269.995,71.9_Mbits/sec
australia-southeast1-b,client-europe-west6-a,279.938,69.5_Mbits/sec
australia-southeast1-b,client-asia-east1-b,142.229,153_Mbits/sec
australia-southeast1-b,client-asia-east2-a,128.69,172_Mbits/sec
australia-southeast1-b,client-asia-northeast1-b,122.145,182_Mbits/sec
australia-southeast1-b,client-asia-northeast2-a,128.963,173_Mbits/sec
australia-southeast1-b,client-asia-northeast3-a,148.135,147_Mbits/sec
australia-southeast1-b,client-us-west2-a,137.833,159_Mbits/sec
australia-southeast1-b,client-us-west3-a,150.899,145_Mbits/sec
australia-southeast1-b,client-us-west4-a,144.19,152_Mbits/sec
australia-southeast1-b,client-europe-central2-a,288.43,66.8_Mbits/sec
australia-southeast1-b,client-europe-north1-a,294.045,64.6_Mbits/sec
australia-southeast1-b,client-europe-west1-b,267.227,73.4_Mbits/sec
australia-southeast1-b,client-europe-west2-c,263.439,74.4_Mbits/sec
australia-southeast2-a,client-europe-west3-c,285.277,67.5_Mbits/sec
australia-southeast2-a,client-europe-west4-a,282.114,68.0_Mbits/sec
australia-southeast2-a,client-europe-west6-a,292.396,66.2_Mbits/sec
australia-southeast2-a,client-asia-east1-b,132.01,171_Mbits/sec
australia-southeast2-a,client-asia-east2-a,117.654,184_Mbits/sec
australia-southeast2-a,client-asia-northeast1-b,133.323,166_Mbits/sec
australia-southeast2-a,client-asia-northeast2-a,141.529,157_Mbits/sec
australia-southeast2-a,client-asia-northeast3-a,160.86,136_Mbits/sec
australia-southeast2-a,client-northamerica-northeast1-a,208.63,98.2_Mbits/sec
australia-southeast2-a,client-northamerica-northeast2-a,202.403,103_Mbits/sec
australia-southeast2-a,client-southamerica-east1-b,302.765,56.9_Mbits/sec
australia-southeast2-a,client-southamerica-west1-b,254.365,77.3_Mbits/sec
australia-southeast2-a,client-us-central1-c,186.519,113_Mbits/sec
australia-southeast2-a,client-us-east1-b,209.915,98.1_Mbits/sec
australia-southeast2-a,client-us-east4-c,204.715,101_Mbits/sec
australia-southeast2-a,client-us-west1-b,149,146_Mbits/sec
australia-southeast2-a,client-asia-south1-c,144.266,151_Mbits/sec
australia-southeast2-a,client-asia-south2-a,151.752,146_Mbits/sec
australia-southeast2-a,client-asia-southeast1-b,82.473,270_Mbits/sec
australia-southeast2-a,client-asia-southeast2-a,98.191,237_Mbits/sec
australia-southeast2-a,client-australia-southeast1-b,14.001,919_Mbits/sec
australia-southeast2-a,client-australia-southeast2-a,1.567,966_Mbits/sec
australia-southeast2-a,client-us-west2-a,150.123,145_Mbits/sec
australia-southeast2-a,client-us-west3-a,162.479,133_Mbits/sec
australia-southeast2-a,client-us-west4-a,156.545,139_Mbits/sec
australia-southeast2-a,client-europe-central2-a,300.081,63.1_Mbits/sec
australia-southeast2-a,client-europe-north1-a,306.016,62.5_Mbits/sec
australia-southeast2-a,client-europe-west1-b,279.238,69.6_Mbits/sec
australia-southeast2-a,client-europe-west2-c,275.691,71.8_Mbits/sec
europe-central2-a,client-northamerica-northeast1-a,103.432,218_Mbits/sec
europe-central2-a,client-northamerica-northeast2-a,110.778,205_Mbits/sec
europe-central2-a,client-southamerica-east1-b,213.179,96.6_Mbits/sec
europe-central2-a,client-southamerica-west1-b,210.495,98.1_Mbits/sec
europe-central2-a,client-us-central1-c,119.801,187_Mbits/sec
europe-central2-a,client-us-east1-b,110.417,204_Mbits/sec
europe-central2-a,client-us-east4-c,101.744,222_Mbits/sec
europe-central2-a,client-us-west1-b,151.692,143_Mbits/sec
europe-central2-a,client-asia-south1-c,366.353,48.2_Mbits/sec
europe-central2-a,client-asia-south2-a,376.852,47.1_Mbits/sec
europe-central2-a,client-asia-southeast1-b,315.976,59.8_Mbits/sec
europe-central2-a,client-asia-southeast2-a,329.784,57.4_Mbits/sec
europe-central2-a,client-australia-southeast1-b,287.92,66.8_Mbits/sec
europe-central2-a,client-australia-southeast2-a,300.583,64.1_Mbits/sec
europe-central2-a,client-us-west2-a,164.167,131_Mbits/sec
europe-central2-a,client-us-west3-a,139.913,156_Mbits/sec
europe-central2-a,client-us-west4-a,158.187,137_Mbits/sec
europe-central2-a,client-europe-central2-a,0.895,952_Mbits/sec
europe-central2-a,client-europe-north1-a,19.32,913_Mbits/sec
europe-central2-a,client-europe-west1-b,22.563,954_Mbits/sec
europe-central2-a,client-europe-west2-c,27.781,827_Mbits/sec
europe-central2-a,client-europe-west3-c,16.309,953_Mbits/sec
europe-central2-a,client-europe-west4-a,22.572,930_Mbits/sec
europe-central2-a,client-europe-west6-a,23.151,959_Mbits/sec
europe-central2-a,client-asia-east1-b,269.758,72.6_Mbits/sec
europe-central2-a,client-asia-east2-a,281.797,68.9_Mbits/sec
europe-central2-a,client-asia-northeast1-b,244.098,83.8_Mbits/sec
europe-central2-a,client-asia-northeast2-a,250.462,77.1_Mbits/sec
europe-central2-a,client-asia-northeast3-a,266.267,72.3_Mbits/sec
europe-north1-a,client-asia-south1-c,373.161,46.7_Mbits/sec
europe-north1-a,client-asia-south2-a,389.462,42.3_Mbits/sec
europe-north1-a,client-asia-southeast1-b,323.533,57.7_Mbits/sec
europe-north1-a,client-asia-southeast2-a,331.801,55.2_Mbits/sec
europe-north1-a,client-australia-southeast1-b,294.302,64.6_Mbits/sec
europe-north1-a,client-australia-southeast2-a,305.64,62.0_Mbits/sec
europe-north1-a,client-us-west2-a,167.554,128_Mbits/sec
europe-north1-a,client-us-west3-a,146.877,149_Mbits/sec
europe-north1-a,client-us-west4-a,162.131,105_Mbits/sec
europe-north1-a,client-europe-central2-a,18.765,927_Mbits/sec
europe-north1-a,client-europe-north1-a,0.96,971_Mbits/sec
europe-north1-a,client-europe-west1-b,33.466,694_Mbits/sec
europe-north1-a,client-europe-west2-c,40.779,541_Mbits/sec
europe-north1-a,client-northamerica-northeast1-a,115.196,194_Mbits/sec
europe-north1-a,client-northamerica-northeast2-a,123.043,182_Mbits/sec
europe-north1-a,client-southamerica-east1-b,216.428,94.1_Mbits/sec
europe-north1-a,client-southamerica-west1-b,227.637,92.0_Mbits/sec
europe-north1-a,client-us-central1-c,126.36,176_Mbits/sec
europe-north1-a,client-us-east1-b,114.202,195_Mbits/sec
europe-north1-a,client-us-east4-c,104.348,216_Mbits/sec
europe-north1-a,client-us-west1-b,158.041,137_Mbits/sec
europe-north1-a,client-europe-west3-c,32.696,729_Mbits/sec
europe-north1-a,client-europe-west4-a,30.995,648_Mbits/sec
europe-north1-a,client-europe-west6-a,36.406,654_Mbits/sec
europe-north1-a,client-asia-east1-b,278.276,70.1_Mbits/sec
europe-north1-a,client-asia-east2-a,287.603,67.0_Mbits/sec
europe-north1-a,client-asia-northeast1-b,249.802,79.0_Mbits/sec
europe-north1-a,client-asia-northeast2-a,256.441,77.4_Mbits/sec
europe-north1-a,client-asia-northeast3-a,275.16,71.8_Mbits/sec
europe-west1-b,client-northamerica-northeast1-a,81.851,280_Mbits/sec
europe-west1-b,client-northamerica-northeast2-a,88.97,253_Mbits/sec
europe-west1-b,client-southamerica-east1-b,194.556,108_Mbits/sec
europe-west1-b,client-southamerica-west1-b,196.063,107_Mbits/sec
europe-west1-b,client-us-central1-c,99.525,229_Mbits/sec
europe-west1-b,client-us-east1-b,91.406,248_Mbits/sec
europe-west1-b,client-us-east4-c,81.568,282_Mbits/sec
europe-west1-b,client-us-west1-b,131.249,168_Mbits/sec
europe-west1-b,client-asia-south1-c,350.486,52.0_Mbits/sec
europe-west1-b,client-asia-south2-a,359.518,51.4_Mbits/sec
europe-west1-b,client-asia-southeast1-b,292.928,66.7_Mbits/sec
europe-west1-b,client-asia-southeast2-a,306.068,62.2_Mbits/sec
europe-west1-b,client-australia-southeast1-b,266.971,73.4_Mbits/sec
europe-west1-b,client-australia-southeast2-a,278.899,70.0_Mbits/sec
europe-west1-b,client-us-west2-a,145.137,150_Mbits/sec
europe-west1-b,client-us-west3-a,120.289,169_Mbits/sec
europe-west1-b,client-us-west4-a,139.428,158_Mbits/sec
europe-west1-b,client-europe-central2-a,22.309,955_Mbits/sec
europe-west1-b,client-europe-north1-a,33.567,694_Mbits/sec
europe-west1-b,client-europe-west1-b,1.054,962_Mbits/sec
europe-west1-b,client-europe-west2-c,8.094,927_Mbits/sec
europe-west1-b,client-europe-west3-c,8.297,818_Mbits/sec
europe-west1-b,client-europe-west4-a,7.738,903_Mbits/sec
europe-west1-b,client-europe-west6-a,14.688,954_Mbits/sec
europe-west1-b,client-asia-east1-b,249.211,80.3_Mbits/sec
europe-west1-b,client-asia-east2-a,261.733,75.2_Mbits/sec
europe-west1-b,client-asia-northeast1-b,220.98,92.0_Mbits/sec
europe-west1-b,client-asia-northeast2-a,230.014,89.6_Mbits/sec
europe-west1-b,client-asia-northeast3-a,247.059,82.4_Mbits/sec
europe-west2-c,client-europe-west3-c,15.061,933_Mbits/sec
europe-west2-c,client-europe-west4-a,10.744,741_Mbits/sec
europe-west2-c,client-europe-west6-a,19.717,906_Mbits/sec
europe-west2-c,client-asia-east1-b,245.344,82.2_Mbits/sec
europe-west2-c,client-asia-east2-a,257.385,76.9_Mbits/sec
europe-west2-c,client-asia-northeast1-b,217.71,94.1_Mbits/sec
europe-west2-c,client-asia-northeast2-a,224.852,90.9_Mbits/sec
europe-west2-c,client-asia-northeast3-a,241.261,82.6_Mbits/sec
europe-west2-c,client-us-west2-a,138.899,158_Mbits/sec
europe-west2-c,client-us-west3-a,115.177,195_Mbits/sec
europe-west2-c,client-us-west4-a,133.691,164_Mbits/sec
europe-west2-c,client-europe-central2-a,28.035,863_Mbits/sec
europe-west2-c,client-europe-north1-a,41.941,565_Mbits/sec
europe-west2-c,client-europe-west1-b,7.998,961_Mbits/sec
europe-west2-c,client-europe-west2-c,1.033,962_Mbits/sec
europe-west2-c,client-asia-south1-c,340.195,49.4_Mbits/sec
europe-west2-c,client-asia-south2-a,352.453,49.6_Mbits/sec
europe-west2-c,client-asia-southeast1-b,291.324,66.9_Mbits/sec
europe-west2-c,client-asia-southeast2-a,302.531,61.2_Mbits/sec
europe-west2-c,client-australia-southeast1-b,261.375,74.9_Mbits/sec
europe-west2-c,client-australia-southeast2-a,275.227,71.9_Mbits/sec
europe-west2-c,client-northamerica-northeast1-a,78.816,291_Mbits/sec
europe-west2-c,client-northamerica-northeast2-a,84.539,271_Mbits/sec
europe-west2-c,client-southamerica-east1-b,190.712,111_Mbits/sec
europe-west2-c,client-southamerica-west1-b,187.568,114_Mbits/sec
europe-west2-c,client-us-central1-c,95.005,239_Mbits/sec
europe-west2-c,client-us-east1-b,87.879,258_Mbits/sec
europe-west2-c,client-us-east4-c,77.58,296_Mbits/sec
europe-west2-c,client-us-west1-b,126.439,175_Mbits/sec
europe-west3-c,client-europe-west3-c,1.154,972_Mbits/sec
europe-west3-c,client-europe-west4-a,8.328,901_Mbits/sec
europe-west3-c,client-europe-west6-a,7.847,956_Mbits/sec
europe-west3-c,client-asia-east1-b,255.998,77.3_Mbits/sec
europe-west3-c,client-asia-east2-a,267.772,73.0_Mbits/sec
europe-west3-c,client-asia-northeast1-b,226.668,91.5_Mbits/sec
europe-west3-c,client-asia-northeast2-a,235.478,85.6_Mbits/sec
europe-west3-c,client-asia-northeast3-a,255.21,73.0_Mbits/sec
europe-west3-c,client-northamerica-northeast1-a,88.132,257_Mbits/sec
europe-west3-c,client-northamerica-northeast2-a,94.795,237_Mbits/sec
europe-west3-c,client-southamerica-east1-b,199.293,104_Mbits/sec
europe-west3-c,client-southamerica-west1-b,194.571,107_Mbits/sec
europe-west3-c,client-us-central1-c,105.719,214_Mbits/sec
europe-west3-c,client-us-east1-b,95.951,234_Mbits/sec
europe-west3-c,client-us-east4-c,86.709,262_Mbits/sec
europe-west3-c,client-us-west1-b,137.481,160_Mbits/sec
europe-west3-c,client-asia-south1-c,352.016,50.9_Mbits/sec
europe-west3-c,client-asia-south2-a,367.66,46.5_Mbits/sec
europe-west3-c,client-asia-southeast1-b,299.598,64.0_Mbits/sec
europe-west3-c,client-asia-southeast2-a,317.865,54.7_Mbits/sec
europe-west3-c,client-australia-southeast1-b,273.402,72.0_Mbits/sec
europe-west3-c,client-australia-southeast2-a,285.149,67.7_Mbits/sec
europe-west3-c,client-us-west2-a,150.912,18.5_Mbits/sec
europe-west3-c,client-us-west3-a,124.855,155_Mbits/sec
europe-west3-c,client-us-west4-a,144.636,152_Mbits/sec
europe-west3-c,client-europe-central2-a,16.12,938_Mbits/sec
europe-west3-c,client-europe-north1-a,32.72,720_Mbits/sec
europe-west3-c,client-europe-west1-b,8.581,957_Mbits/sec
europe-west3-c,client-europe-west2-c,13.755,920_Mbits/sec
europe-west4-a,client-us-west2-a,146.617,148_Mbits/sec
europe-west4-a,client-us-west3-a,123.352,181_Mbits/sec
europe-west4-a,client-us-west4-a,141.477,156_Mbits/sec
europe-west4-a,client-europe-central2-a,21.824,949_Mbits/sec
europe-west4-a,client-europe-north1-a,31.166,747_Mbits/sec
europe-west4-a,client-europe-west1-b,8.054,946_Mbits/sec
europe-west4-a,client-europe-west2-c,10.92,949_Mbits/sec
europe-west4-a,client-europe-west3-c,8.068,870_Mbits/sec
europe-west4-a,client-europe-west4-a,1.051,932_Mbits/sec
europe-west4-a,client-europe-west6-a,14.392,965_Mbits/sec
europe-west4-a,client-asia-east1-b,250.06,79.7_Mbits/sec
europe-west4-a,client-asia-east2-a,264.666,74.0_Mbits/sec
europe-west4-a,client-asia-northeast1-b,225.333,91.6_Mbits/sec
europe-west4-a,client-asia-northeast2-a,233.166,86.7_Mbits/sec
europe-west4-a,client-asia-northeast3-a,248.92,79.7_Mbits/sec
europe-west4-a,client-northamerica-northeast1-a,85.27,268_Mbits/sec
europe-west4-a,client-northamerica-northeast2-a,91.758,246_Mbits/sec
europe-west4-a,client-southamerica-east1-b,198.645,105_Mbits/sec
europe-west4-a,client-southamerica-west1-b,201.837,104_Mbits/sec
europe-west4-a,client-us-central1-c,103.343,221_Mbits/sec
europe-west4-a,client-us-east1-b,95.967,237_Mbits/sec
europe-west4-a,client-us-east4-c,85.084,268_Mbits/sec
europe-west4-a,client-us-west1-b,134.287,165_Mbits/sec
europe-west4-a,client-asia-south1-c,364.883,52.0_Mbits/sec
europe-west4-a,client-asia-south2-a,365.337,48.9_Mbits/sec
europe-west4-a,client-asia-southeast1-b,294.567,5.00_Mbits/sec
europe-west4-a,client-asia-southeast2-a,305.132,60.0_Mbits/sec
europe-west4-a,client-australia-southeast1-b,271.01,72.8_Mbits/sec
europe-west4-a,client-australia-southeast2-a,281.421,68.8_Mbits/sec
europe-west6-a,client-asia-south1-c,358.558,49.4_Mbits/sec
europe-west6-a,client-asia-south2-a,373.884,46.5_Mbits/sec
europe-west6-a,client-asia-southeast1-b,306.913,62.9_Mbits/sec
europe-west6-a,client-asia-southeast2-a,317.676,59.5_Mbits/sec
europe-west6-a,client-australia-southeast1-b,279.812,69.7_Mbits/sec
europe-west6-a,client-australia-southeast2-a,291.726,66.0_Mbits/sec
europe-west6-a,client-northamerica-northeast1-a,94.137,244_Mbits/sec
europe-west6-a,client-northamerica-northeast2-a,102.469,220_Mbits/sec
europe-west6-a,client-southamerica-east1-b,205.6,101_Mbits/sec
europe-west6-a,client-southamerica-west1-b,200.101,101_Mbits/sec
europe-west6-a,client-us-central1-c,111.446,201_Mbits/sec
europe-west6-a,client-us-east1-b,101.724,220_Mbits/sec
europe-west6-a,client-us-east4-c,93.871,246_Mbits/sec
europe-west6-a,client-us-west1-b,143.399,154_Mbits/sec
europe-west6-a,client-us-west2-a,155.999,140_Mbits/sec
europe-west6-a,client-us-west3-a,132.107,167_Mbits/sec
europe-west6-a,client-us-west4-a,149.282,145_Mbits/sec
europe-west6-a,client-europe-central2-a,21.618,929_Mbits/sec
europe-west6-a,client-europe-north1-a,36.042,654_Mbits/sec
europe-west6-a,client-europe-west1-b,14.547,964_Mbits/sec
europe-west6-a,client-europe-west2-c,20.149,910_Mbits/sec
europe-west6-a,client-europe-west3-c,8.193,968_Mbits/sec
europe-west6-a,client-europe-west4-a,13.449,951_Mbits/sec
europe-west6-a,client-europe-west6-a,1.48,758_Mbits/sec
europe-west6-a,client-asia-east1-b,261.327,74.6_Mbits/sec
europe-west6-a,client-asia-east2-a,273.559,71.0_Mbits/sec
europe-west6-a,client-asia-northeast1-b,231.587,84.7_Mbits/sec
europe-west6-a,client-asia-northeast2-a,241.674,83.7_Mbits/sec
europe-west6-a,client-asia-northeast3-a,261.675,74.0_Mbits/sec
northamerica-northeast1-a,client-northamerica-northeast1-a,1.072,772_Mbits/sec
northamerica-northeast1-a,client-northamerica-northeast2-a,8.386,934_Mbits/sec
northamerica-northeast1-a,client-southamerica-east1-b,127.258,173_Mbits/sec
northamerica-northeast1-a,client-southamerica-west1-b,122.826,181_Mbits/sec
northamerica-northeast1-a,client-us-central1-c,29.07,818_Mbits/sec
northamerica-northeast1-a,client-us-east1-b,26.214,912_Mbits/sec
northamerica-northeast1-a,client-us-east4-c,16.14,962_Mbits/sec
northamerica-northeast1-a,client-us-west1-b,60.859,382_Mbits/sec
northamerica-northeast1-a,client-asia-south1-c,275.694,69.5_Mbits/sec
northamerica-northeast1-a,client-asia-south2-a,282.742,64.9_Mbits/sec
northamerica-northeast1-a,client-asia-southeast1-b,219.437,91.8_Mbits/sec
northamerica-northeast1-a,client-asia-southeast2-a,231.387,89.4_Mbits/sec
northamerica-northeast1-a,client-australia-southeast1-b,196.547,107_Mbits/sec
northamerica-northeast1-a,client-australia-southeast2-a,208.887,99.0_Mbits/sec
northamerica-northeast1-a,client-us-west2-a,73.527,316_Mbits/sec
northamerica-northeast1-a,client-us-west3-a,49.177,457_Mbits/sec
northamerica-northeast1-a,client-us-west4-a,68.122,339_Mbits/sec
northamerica-northeast1-a,client-europe-central2-a,103.036,219_Mbits/sec
northamerica-northeast1-a,client-europe-north1-a,114.841,194_Mbits/sec
northamerica-northeast1-a,client-europe-west1-b,82.6,277_Mbits/sec
northamerica-northeast1-a,client-europe-west2-c,77.748,295_Mbits/sec
northamerica-northeast1-a,client-europe-west3-c,88.404,259_Mbits/sec
northamerica-northeast1-a,client-europe-west4-a,84.181,270_Mbits/sec
northamerica-northeast1-a,client-europe-west6-a,94.727,242_Mbits/sec
northamerica-northeast1-a,client-asia-east1-b,179.263,119_Mbits/sec
northamerica-northeast1-a,client-asia-east2-a,191.783,109_Mbits/sec
northamerica-northeast1-a,client-asia-northeast1-b,152.393,144_Mbits/sec
northamerica-northeast1-a,client-asia-northeast2-a,158.905,136_Mbits/sec
northamerica-northeast1-a,client-asia-northeast3-a,179.875,121_Mbits/sec
northamerica-northeast2-a,client-europe-west3-c,96.005,237_Mbits/sec
northamerica-northeast2-a,client-europe-west4-a,92.711,248_Mbits/sec
northamerica-northeast2-a,client-europe-west6-a,102.39,222_Mbits/sec
northamerica-northeast2-a,client-asia-east1-b,173.01,123_Mbits/sec
northamerica-northeast2-a,client-asia-east2-a,184.929,114_Mbits/sec
northamerica-northeast2-a,client-asia-northeast1-b,145.826,148_Mbits/sec
northamerica-northeast2-a,client-asia-northeast2-a,152.869,142_Mbits/sec
northamerica-northeast2-a,client-asia-northeast3-a,169.148,124_Mbits/sec
northamerica-northeast2-a,client-northamerica-northeast1-a,32.686,929_Mbits/sec
northamerica-northeast2-a,client-northamerica-northeast2-a,1.054,893_Mbits/sec
northamerica-northeast2-a,client-southamerica-east1-b,135.728,163_Mbits/sec
northamerica-northeast2-a,client-southamerica-west1-b,131.61,168_Mbits/sec
northamerica-northeast2-a,client-us-central1-c,22.988,924_Mbits/sec
northamerica-northeast2-a,client-us-east1-b,32.177,736_Mbits/sec
northamerica-northeast2-a,client-us-east4-c,20.75,923_Mbits/sec
northamerica-northeast2-a,client-us-west1-b,55.175,429_Mbits/sec
northamerica-northeast2-a,client-asia-south1-c,268.682,5.64_Mbits/sec
northamerica-northeast2-a,client-asia-south2-a,285.855,67.4_Mbits/sec
northamerica-northeast2-a,client-asia-southeast1-b,221.36,96.7_Mbits/sec
northamerica-northeast2-a,client-asia-southeast2-a,221.375,90.4_Mbits/sec
northamerica-northeast2-a,client-australia-southeast1-b,190.356,73.6_Mbits/sec
northamerica-northeast2-a,client-australia-southeast2-a,202.744,103_Mbits/sec
northamerica-northeast2-a,client-us-west2-a,67.771,342_Mbits/sec
northamerica-northeast2-a,client-us-west3-a,44.019,550_Mbits/sec
northamerica-northeast2-a,client-us-west4-a,62.25,381_Mbits/sec
northamerica-northeast2-a,client-europe-central2-a,109.729,207_Mbits/sec
northamerica-northeast2-a,client-europe-north1-a,122.122,182_Mbits/sec
northamerica-northeast2-a,client-europe-west1-b,89.415,256_Mbits/sec
northamerica-northeast2-a,client-europe-west2-c,107.321,278_Mbits/sec
southamerica-east1-b,client-us-west2-a,154.674,141_Mbits/sec
southamerica-east1-b,client-us-west3-a,158.851,136_Mbits/sec
southamerica-east1-b,client-us-west4-a,158.841,109_Mbits/sec
southamerica-east1-b,client-europe-central2-a,213.528,96.2_Mbits/sec
southamerica-east1-b,client-europe-north1-a,217.757,94.0_Mbits/sec
southamerica-east1-b,client-europe-west1-b,194.774,107_Mbits/sec
southamerica-east1-b,client-europe-west2-c,190.64,110_Mbits/sec
southamerica-east1-b,client-europe-west3-c,199.237,105_Mbits/sec
southamerica-east1-b,client-europe-west4-a,198.457,107_Mbits/sec
southamerica-east1-b,client-europe-west6-a,205.559,101_Mbits/sec
southamerica-east1-b,client-asia-east1-b,281.092,70.0_Mbits/sec
southamerica-east1-b,client-asia-east2-a,292.604,65.0_Mbits/sec
southamerica-east1-b,client-asia-northeast1-b,253.385,79.7_Mbits/sec
southamerica-east1-b,client-asia-northeast2-a,260.025,74.9_Mbits/sec
southamerica-east1-b,client-asia-northeast3-a,280.41,70.1_Mbits/sec
southamerica-east1-b,client-northamerica-northeast1-a,128.527,173_Mbits/sec
southamerica-east1-b,client-northamerica-northeast2-a,135.141,163_Mbits/sec
southamerica-east1-b,client-southamerica-east1-b,0.833,971_Mbits/sec
southamerica-east1-b,client-southamerica-west1-b,48.994,461_Mbits/sec
southamerica-east1-b,client-us-central1-c,139.838,157_Mbits/sec
southamerica-east1-b,client-us-east1-b,117.094,191_Mbits/sec
southamerica-east1-b,client-us-east4-c,115.992,194_Mbits/sec
southamerica-east1-b,client-us-west1-b,170.016,126_Mbits/sec
southamerica-east1-b,client-asia-south1-c,377.371,47.1_Mbits/sec
southamerica-east1-b,client-asia-south2-a,394.301,44.3_Mbits/sec
southamerica-east1-b,client-asia-southeast1-b,325.165,57.4_Mbits/sec
southamerica-east1-b,client-asia-southeast2-a,336.654,57.2_Mbits/sec
southamerica-east1-b,client-australia-southeast1-b,292.072,65.5_Mbits/sec
southamerica-east1-b,client-australia-southeast2-a,303.913,62.4_Mbits/sec
southamerica-west1-b,client-northamerica-northeast1-a,122.847,177_Mbits/sec
southamerica-west1-b,client-northamerica-northeast2-a,131.311,168_Mbits/sec
southamerica-west1-b,client-southamerica-east1-b,49.072,477_Mbits/sec
southamerica-west1-b,client-southamerica-west1-b,0.651,971_Mbits/sec
southamerica-west1-b,client-us-central1-c,124.624,19.0_Mbits/sec
southamerica-west1-b,client-us-east1-b,99.5,222_Mbits/sec
southamerica-west1-b,client-us-east4-c,116.181,187_Mbits/sec
southamerica-west1-b,client-us-west1-b,130.014,168_Mbits/sec
southamerica-west1-b,client-europe-west3-c,194.196,107_Mbits/sec
southamerica-west1-b,client-europe-west4-a,201.198,108_Mbits/sec
southamerica-west1-b,client-europe-west6-a,203.312,103_Mbits/sec
southamerica-west1-b,client-asia-east1-b,232.103,86.7_Mbits/sec
southamerica-west1-b,client-asia-east2-a,244.348,82.3_Mbits/sec
southamerica-west1-b,client-asia-northeast1-b,204.881,101_Mbits/sec
southamerica-west1-b,client-asia-northeast2-a,212.622,96.7_Mbits/sec
southamerica-west1-b,client-asia-northeast3-a,230.841,87.1_Mbits/sec
southamerica-west1-b,client-us-west2-a,106.465,212_Mbits/sec
southamerica-west1-b,client-us-west3-a,119.255,189_Mbits/sec
southamerica-west1-b,client-us-west4-a,111.764,201_Mbits/sec
southamerica-west1-b,client-europe-central2-a,212.918,97.9_Mbits/sec
southamerica-west1-b,client-europe-north1-a,224.859,91.6_Mbits/sec
southamerica-west1-b,client-europe-west1-b,198.738,105_Mbits/sec
southamerica-west1-b,client-europe-west2-c,185.342,114_Mbits/sec
southamerica-west1-b,client-asia-south1-c,328.22,57.0_Mbits/sec
southamerica-west1-b,client-asia-south2-a,346.871,52.0_Mbits/sec
southamerica-west1-b,client-asia-southeast1-b,277.794,70.1_Mbits/sec
southamerica-west1-b,client-asia-southeast2-a,292.61,66.6_Mbits/sec
southamerica-west1-b,client-australia-southeast1-b,242.743,82.5_Mbits/sec
southamerica-west1-b,client-australia-southeast2-a,254.846,78.2_Mbits/sec
us-central1-c,client-asia-south1-c,261.234,75.0_Mbits/sec
us-central1-c,client-asia-south2-a,276.483,71.7_Mbits/sec
us-central1-c,client-asia-southeast1-b,202.457,102_Mbits/sec
us-central1-c,client-asia-southeast2-a,219.727,93.8_Mbits/sec
us-central1-c,client-australia-southeast1-b,175.377,122_Mbits/sec
us-central1-c,client-australia-southeast2-a,186.926,113_Mbits/sec
us-central1-c,client-us-west2-a,246.083,201_Mbits/sec
us-central1-c,client-us-west3-a,21.005,917_Mbits/sec
us-central1-c,client-us-west4-a,43.336,538_Mbits/sec
us-central1-c,client-europe-central2-a,119.955,186_Mbits/sec
us-central1-c,client-europe-north1-a,126.724,175_Mbits/sec
us-central1-c,client-europe-west1-b,99.668,225_Mbits/sec
us-central1-c,client-europe-west2-c,95.151,238_Mbits/sec
us-central1-c,client-europe-west3-c,105.664,
us-central1-c,client-europe-west4-a,102.285,
us-central1-c,client-europe-west6-a,112.57,
us-central1-c,client-asia-east1-b,157.866,
us-central1-c,client-asia-east2-a,170.804,
us-central1-c,client-asia-northeast1-b,131.912,
us-central1-c,client-asia-northeast2-a,137.569,
us-central1-c,client-asia-northeast3-a,157.251,
us-east1-b,client-europe-west3-c,96.624,237_Mbits/sec
us-east1-b,client-europe-west4-a,95.73,237_Mbits/sec
us-east1-b,client-europe-west6-a,102.488,221_Mbits/sec
us-east1-b,client-asia-east1-b,184.828,114_Mbits/sec
us-east1-b,client-asia-east2-a,194.651,107_Mbits/sec
us-east1-b,client-asia-northeast1-b,152.819,140_Mbits/sec
us-east1-b,client-asia-northeast2-a,163.681,134_Mbits/sec
us-east1-b,client-asia-northeast3-a,180.463,118_Mbits/sec
us-east1-b,client-asia-south1-c,283.007,64.7_Mbits/sec
us-east1-b,client-asia-south2-a,306.29,66.8_Mbits/sec
us-east1-b,client-asia-southeast1-b,229.669,11.9_Mbits/sec
us-east1-b,client-asia-southeast2-a,240.049,81.6_Mbits/sec
us-east1-b,client-australia-southeast1-b,198.119,106_Mbits/sec
us-east1-b,client-australia-southeast2-a,210.591,97.6_Mbits/sec
us-east1-b,client-northamerica-northeast1-a,26.154,885_Mbits/sec
us-east1-b,client-northamerica-northeast2-a,33.091,721_Mbits/sec
us-east1-b,client-southamerica-east1-b,117.419,190_Mbits/sec
us-east1-b,client-southamerica-west1-b,101.71,216_Mbits/sec
us-east1-b,client-us-central1-c,32.548,703_Mbits/sec
us-east1-b,client-us-east1-b,1.188,929_Mbits/sec
us-east1-b,client-us-east4-c,13.123,958_Mbits/sec
us-east1-b,client-us-west1-b,64.273,361_Mbits/sec
us-east1-b,client-us-west2-a,62.074,375_Mbits/sec
us-east1-b,client-us-west3-a,51.797,445_Mbits/sec
us-east1-b,client-us-west4-a,56.987,418_Mbits/sec
us-east1-b,client-europe-central2-a,111.368,203_Mbits/sec
us-east1-b,client-europe-north1-a,113.943,197_Mbits/sec
us-east1-b,client-europe-west1-b,91.499,248_Mbits/sec
us-east1-b,client-europe-west2-c,88.748,259_Mbits/sec
us-east4-c,client-northamerica-northeast1-a,34.175,943_Mbits/sec
us-east4-c,client-northamerica-northeast2-a,22.964,937_Mbits/sec
us-east4-c,client-southamerica-east1-b,115.888,193_Mbits/sec
us-east4-c,client-southamerica-west1-b,113.085,194_Mbits/sec
us-east4-c,client-us-central1-c,25.898,892_Mbits/sec
us-east4-c,client-us-east1-b,12.335,915_Mbits/sec
us-east4-c,client-us-east4-c,0.863,964_Mbits/sec
us-east4-c,client-us-west1-b,57.495,404_Mbits/sec
us-east4-c,client-europe-west3-c,87.775,260_Mbits/sec
us-east4-c,client-europe-west4-a,85.109,268_Mbits/sec
us-east4-c,client-europe-west6-a,93.864,244_Mbits/sec
us-east4-c,client-asia-east1-b,175.63,121_Mbits/sec
us-east4-c,client-asia-east2-a,187.358,113_Mbits/sec
us-east4-c,client-asia-northeast1-b,146.75,147_Mbits/sec
us-east4-c,client-asia-northeast2-a,155.512,140_Mbits/sec
us-east4-c,client-asia-northeast3-a,176.223,124_Mbits/sec
us-east4-c,client-us-west2-a,67.155,348_Mbits/sec
us-east4-c,client-us-west3-a,46.654,530_Mbits/sec
us-east4-c,client-us-west4-a,61.706,377_Mbits/sec
us-east4-c,client-europe-central2-a,101.834,224_Mbits/sec
us-east4-c,client-europe-north1-a,105.137,217_Mbits/sec
us-east4-c,client-europe-west1-b,81.725,282_Mbits/sec
us-east4-c,client-europe-west2-c,78.422,296_Mbits/sec
us-east4-c,client-asia-south1-c,271.486,4.08_Mbits/sec
us-east4-c,client-asia-south2-a,288.776,67.8_Mbits/sec
us-east4-c,client-asia-southeast1-b,220.042,92.3_Mbits/sec
us-east4-c,client-asia-southeast2-a,237.504,84.2_Mbits/sec
us-east4-c,client-australia-southeast1-b,193.082,109_Mbits/sec
us-east4-c,client-australia-southeast2-a,205.242,101_Mbits/sec
us-west1-b,client-us-west2-a,26.693,784_Mbits/sec
us-west1-b,client-us-west3-a,31.561,685_Mbits/sec
us-west1-b,client-us-west4-a,32.179,726_Mbits/sec
us-west1-b,client-europe-central2-a,151.674,143_Mbits/sec
us-west1-b,client-europe-north1-a,158.384,138_Mbits/sec
us-west1-b,client-europe-west1-b,131.359,168_Mbits/sec
us-west1-b,client-europe-west2-c,125.732,175_Mbits/sec
us-west1-b,client-asia-south1-c,219.383,91.5_Mbits/sec
us-west1-b,client-asia-south2-a,234.859,86.3_Mbits/sec
us-west1-b,client-asia-southeast1-b,168.52,136_Mbits/sec
us-west1-b,client-asia-southeast2-a,173.71,68.3_Mbits/sec
us-west1-b,client-australia-southeast1-b,137.215,160_Mbits/sec
us-west1-b,client-australia-southeast2-a,149.94,146_Mbits/sec
us-west1-b,client-northamerica-northeast1-a,62.177,384_Mbits/sec
us-west1-b,client-northamerica-northeast2-a,55.531,428_Mbits/sec
us-west1-b,client-southamerica-east1-b,170.749,126_Mbits/sec
us-west1-b,client-southamerica-west1-b,130.042,170_Mbits/sec
us-west1-b,client-us-central1-c,39.314,608_Mbits/sec
us-west1-b,client-us-east1-b,64.935,362_Mbits/sec
us-west1-b,client-us-east4-c,56.967,410_Mbits/sec
us-west1-b,client-us-west1-b,1.005,938_Mbits/sec
us-west1-b,client-europe-west3-c,138.945,160_Mbits/sec
us-west1-b,client-europe-west4-a,134.11,165_Mbits/sec
us-west1-b,client-europe-west6-a,144.207,154_Mbits/sec
us-west1-b,client-asia-east1-b,119.298,188_Mbits/sec
us-west1-b,client-asia-east2-a,131.597,168_Mbits/sec
us-west1-b,client-asia-northeast1-b,89.166,243_Mbits/sec
us-west1-b,client-asia-northeast2-a,100.453,229_Mbits/sec
us-west1-b,client-asia-northeast3-a,117.781,194_Mbits/sec
us-west2-a,client-europe-west3-c,268.432,32.3_Mbits/sec
us-west2-a,client-europe-west4-a,146.642,150_Mbits/sec
us-west2-a,client-europe-west6-a,157.118,140_Mbits/sec
us-west2-a,client-asia-east1-b,127.971,174_Mbits/sec
us-west2-a,client-asia-east2-a,139.488,159_Mbits/sec
us-west2-a,client-asia-northeast1-b,99.671,225_Mbits/sec
us-west2-a,client-asia-northeast2-a,106.994,211_Mbits/sec
us-west2-a,client-asia-northeast3-a,126.917,175_Mbits/sec
us-west2-a,client-asia-south1-c,224.037,91.9_Mbits/sec
us-west2-a,client-asia-south2-a,238.846,86.1_Mbits/sec
us-west2-a,client-asia-southeast1-b,174.974,122_Mbits/sec
us-west2-a,client-asia-southeast2-a,177.888,119_Mbits/sec
us-west2-a,client-australia-southeast1-b,138.213,160_Mbits/sec
us-west2-a,client-australia-southeast2-a,150.236,146_Mbits/sec
us-west2-a,client-us-west2-a,17.35,826_Mbits/sec
us-west2-a,client-us-west3-a,13.618,914_Mbits/sec
us-west2-a,client-us-west4-a,7.126,938_Mbits/sec
us-west2-a,client-europe-central2-a,163.889,120_Mbits/sec
us-west2-a,client-europe-north1-a,167.924,129_Mbits/sec
us-west2-a,client-europe-west1-b,145.619,151_Mbits/sec
us-west2-a,client-europe-west2-c,137.372,159_Mbits/sec
us-west2-a,client-northamerica-northeast1-a,73.311,316_Mbits/sec
us-west2-a,client-northamerica-northeast2-a,67.031,345_Mbits/sec
us-west2-a,client-southamerica-east1-b,155.069,137_Mbits/sec
us-west2-a,client-southamerica-west1-b,106.505,212_Mbits/sec
us-west2-a,client-us-central1-c,50.224,459_Mbits/sec
us-west2-a,client-us-east1-b,62.162,373_Mbits/sec
us-west2-a,client-us-east4-c,66.613,348_Mbits/sec
us-west2-a,client-us-west1-b,26.087,931_Mbits/sec
us-west3-a,client-northamerica-northeast1-a,50.713,472_Mbits/sec
us-west3-a,client-northamerica-northeast2-a,42.5,529_Mbits/sec
us-west3-a,client-southamerica-east1-b,159.851,138_Mbits/sec
us-west3-a,client-southamerica-west1-b,118.665,187_Mbits/sec
us-west3-a,client-us-central1-c,22.488,918_Mbits/sec
us-west3-a,client-us-east1-b,52.423,440_Mbits/sec
us-west3-a,client-us-east4-c,45.602,514_Mbits/sec
us-west3-a,client-us-west1-b,31.381,736_Mbits/sec
us-west3-a,client-europe-west3-c,125.718,174_Mbits/sec
us-west3-a,client-europe-west4-a,122.399,181_Mbits/sec
us-west3-a,client-europe-west6-a,132.257,166_Mbits/sec
us-west3-a,client-asia-east1-b,140.262,158_Mbits/sec
us-west3-a,client-asia-east2-a,152.198,143_Mbits/sec
us-west3-a,client-asia-northeast1-b,112.599,200_Mbits/sec
us-west3-a,client-asia-northeast2-a,119.331,187_Mbits/sec
us-west3-a,client-asia-northeast3-a,138.338,151_Mbits/sec
us-west3-a,client-asia-south1-c,236.168,85.7_Mbits/sec
us-west3-a,client-asia-south2-a,249.991,81.1_Mbits/sec
us-west3-a,client-asia-southeast1-b,180.47,120_Mbits/sec
us-west3-a,client-asia-southeast2-a,191.894,111_Mbits/sec
us-west3-a,client-australia-southeast1-b,149.895,146_Mbits/sec
us-west3-a,client-australia-southeast2-a,162.911,134_Mbits/sec
us-west4-a,client-europe-west3-c,144.628,151_Mbits/sec
us-west4-a,client-europe-west4-a,140.923,156_Mbits/sec
us-west4-a,client-europe-west6-a,150.577,144_Mbits/sec
us-west4-a,client-asia-east1-b,133.792,167_Mbits/sec
us-west4-a,client-asia-east2-a,144.813,150_Mbits/sec
us-west4-a,client-asia-northeast1-b,107.107,215_Mbits/sec
us-west4-a,client-asia-northeast2-a,113.73,201_Mbits/sec
us-west4-a,client-asia-northeast3-a,132.254,167_Mbits/sec
us-west4-a,client-us-west2-a,8.026,970_Mbits/sec
us-west4-a,client-us-west3-a,19.493,836_Mbits/sec
us-west4-a,client-us-west4-a,0.615,915_Mbits/sec
us-west4-a,client-europe-central2-a,158.895,136_Mbits/sec
us-west4-a,client-europe-north1-a,162.48,133_Mbits/sec
us-west4-a,client-europe-west1-b,140.045,157_Mbits/sec
us-west4-a,client-europe-west2-c,135.11,164_Mbits/sec
us-west4-a,client-asia-south1-c,229.874,88.8_Mbits/sec
us-west4-a,client-asia-south2-a,243.372,85.8_Mbits/sec
us-west4-a,client-asia-southeast1-b,176.986,119_Mbits/sec
us-west4-a,client-asia-southeast2-a,184.266,115_Mbits/sec
us-west4-a,client-australia-southeast1-b,142.706,152_Mbits/sec
us-west4-a,client-australia-southeast2-a,156.723,140_Mbits/sec
us-west4-a,client-northamerica-northeast1-a,68.786,343_Mbits/sec
us-west4-a,client-northamerica-northeast2-a,62.054,373_Mbits/sec
us-west4-a,client-southamerica-east1-b,159.554,135_Mbits/sec
us-west4-a,client-southamerica-west1-b,111.833,199_Mbits/sec
us-west4-a,client-us-central1-c,40.669,575_Mbits/sec
us-west4-a,client-us-east1-b,57.006,413_Mbits/sec
us-west4-a,client-us-east4-c,61.159,387_Mbits/sec
us-west4-a,client-us-west1-b,33.807,761_Mbits/sec